[
{
    "model": "sessions.session",
    "pk": "0rgm0j7nqk5l68iyimet5dbp58s660vz",
    "fields": {
        "session_data": "YTA0NDMzYWVlZDExN2RlMzI4YmQwMmY5ZjZmZjdhZWNjY2FhZjFlYjp7fQ==",
        "expire_date": "2017-10-15T01:07:13.132Z"
    }
},
{
    "model": "sessions.session",
    "pk": "0tgumro34tdrexfo4tw5g6jouqnd3w8w",
    "fields": {
        "session_data": "YTA0NDMzYWVlZDExN2RlMzI4YmQwMmY5ZjZmZjdhZWNjY2FhZjFlYjp7fQ==",
        "expire_date": "2017-10-14T08:26:05.918Z"
    }
},
{
    "model": "sessions.session",
    "pk": "0zg9f7b52a0hrqnnvh9lqlkdnd64nrrc",
    "fields": {
        "session_data": "YTA0NDMzYWVlZDExN2RlMzI4YmQwMmY5ZjZmZjdhZWNjY2FhZjFlYjp7fQ==",
        "expire_date": "2017-10-14T08:41:22.625Z"
    }
},
{
    "model": "sessions.session",
    "pk": "2xx235hciiyha2jy30i9ahyxhkfs8xfw",
    "fields": {
        "session_data": "YTA0NDMzYWVlZDExN2RlMzI4YmQwMmY5ZjZmZjdhZWNjY2FhZjFlYjp7fQ==",
        "expire_date": "2017-10-14T08:41:59.278Z"
    }
},
{
    "model": "sessions.session",
    "pk": "465451iv1e20uotrr173cleke9amrwl6",
    "fields": {
        "session_data": "YTA0NDMzYWVlZDExN2RlMzI4YmQwMmY5ZjZmZjdhZWNjY2FhZjFlYjp7fQ==",
        "expire_date": "2017-10-13T07:41:05.253Z"
    }
},
{
    "model": "sessions.session",
    "pk": "5v9yq4ftd23xpfmlblmfnpixrg89rd48",
    "fields": {
        "session_data": "MjZlMDU5OTY2MjBjOGMwZGJiMzQyZDRjYjVjOTJkMTE1ZGI0NzAzMjp7Il9hdXRoX3VzZXJfaGFzaCI6ImI0ZTA1MjQ4MjI5NWUyMmQxOGQ1MDI5MjgzYWViYjQ5MGIwN2RkMjAiLCJfYXV0aF91c2VyX2JhY2tlbmQiOiJhY2NvdW50cy5iYWNrZW5kcy5FbWFpbEF1dGgiLCJfYXV0aF91c2VyX2lkIjoiMjAifQ==",
        "expire_date": "2017-10-14T02:20:36.510Z"
    }
},
{
    "model": "sessions.session",
    "pk": "630qvld3h31ruf8ux4zn5s8t8p6z1hhc",
    "fields": {
        "session_data": "YTA0NDMzYWVlZDExN2RlMzI4YmQwMmY5ZjZmZjdhZWNjY2FhZjFlYjp7fQ==",
        "expire_date": "2017-10-15T01:06:09.861Z"
    }
},
{
    "model": "sessions.session",
    "pk": "6sn83pcx01j5tfeg5hbpxaanzhqdozc0",
    "fields": {
        "session_data": "YTA0NDMzYWVlZDExN2RlMzI4YmQwMmY5ZjZmZjdhZWNjY2FhZjFlYjp7fQ==",
        "expire_date": "2017-10-13T07:43:40.098Z"
    }
},
{
    "model": "sessions.session",
    "pk": "79851oj1lb61rfdkkmb5l7sthbl6qbdz",
    "fields": {
        "session_data": "MjZlMDU5OTY2MjBjOGMwZGJiMzQyZDRjYjVjOTJkMTE1ZGI0NzAzMjp7Il9hdXRoX3VzZXJfaGFzaCI6ImI0ZTA1MjQ4MjI5NWUyMmQxOGQ1MDI5MjgzYWViYjQ5MGIwN2RkMjAiLCJfYXV0aF91c2VyX2JhY2tlbmQiOiJhY2NvdW50cy5iYWNrZW5kcy5FbWFpbEF1dGgiLCJfYXV0aF91c2VyX2lkIjoiMjAifQ==",
        "expire_date": "2017-10-13T06:39:07.569Z"
    }
},
{
    "model": "sessions.session",
    "pk": "8dub072uwuj8rb1p40ku481engwal0q0",
    "fields": {
        "session_data": "YTA0NDMzYWVlZDExN2RlMzI4YmQwMmY5ZjZmZjdhZWNjY2FhZjFlYjp7fQ==",
        "expire_date": "2017-10-15T01:20:50.201Z"
    }
},
{
    "model": "sessions.session",
    "pk": "apwagb53bu8nvcptj4mj99bj16muaic1",
    "fields": {
        "session_data": "MjZlMDU5OTY2MjBjOGMwZGJiMzQyZDRjYjVjOTJkMTE1ZGI0NzAzMjp7Il9hdXRoX3VzZXJfaGFzaCI6ImI0ZTA1MjQ4MjI5NWUyMmQxOGQ1MDI5MjgzYWViYjQ5MGIwN2RkMjAiLCJfYXV0aF91c2VyX2JhY2tlbmQiOiJhY2NvdW50cy5iYWNrZW5kcy5FbWFpbEF1dGgiLCJfYXV0aF91c2VyX2lkIjoiMjAifQ==",
        "expire_date": "2017-10-15T03:24:56.514Z"
    }
},
{
    "model": "sessions.session",
    "pk": "befhie7z7zfrjp34e8nx7z8jtque7i53",
    "fields": {
        "session_data": "YTA0NDMzYWVlZDExN2RlMzI4YmQwMmY5ZjZmZjdhZWNjY2FhZjFlYjp7fQ==",
        "expire_date": "2017-10-14T03:10:15.568Z"
    }
},
{
    "model": "sessions.session",
    "pk": "bwgqcsku54bhmw2cv89udpyx9moy775u",
    "fields": {
        "session_data": "YTA0NDMzYWVlZDExN2RlMzI4YmQwMmY5ZjZmZjdhZWNjY2FhZjFlYjp7fQ==",
        "expire_date": "2017-10-14T08:36:55.116Z"
    }
},
{
    "model": "sessions.session",
    "pk": "cjd67eu8encbw2vbpd13q2ackcez5who",
    "fields": {
        "session_data": "YTA0NDMzYWVlZDExN2RlMzI4YmQwMmY5ZjZmZjdhZWNjY2FhZjFlYjp7fQ==",
        "expire_date": "2017-10-13T07:54:23.639Z"
    }
},
{
    "model": "sessions.session",
    "pk": "cwtxksmf5surjz6iobbdum7jftd0lgxt",
    "fields": {
        "session_data": "YTA0NDMzYWVlZDExN2RlMzI4YmQwMmY5ZjZmZjdhZWNjY2FhZjFlYjp7fQ==",
        "expire_date": "2017-10-15T00:58:34.764Z"
    }
},
{
    "model": "sessions.session",
    "pk": "d6hnvfmadpck7sq527hjbyojx3eukhsd",
    "fields": {
        "session_data": "YTA0NDMzYWVlZDExN2RlMzI4YmQwMmY5ZjZmZjdhZWNjY2FhZjFlYjp7fQ==",
        "expire_date": "2017-10-14T08:33:27.267Z"
    }
},
{
    "model": "sessions.session",
    "pk": "e54ssgkbyb7v93ncdvuaxkci7jdvmsdw",
    "fields": {
        "session_data": "NTg0YmQyZTE1NzAyZTBlNWY5MTE4ZGU0NWMyNTY2YjczMmMyOGZkOTp7Il9hdXRoX3VzZXJfaGFzaCI6IjgyYzc0NjZhYTFlZmE0MzkxMTQxZjU0ZWFmODBlY2UzM2IxMWQ3MWIiLCJfYXV0aF91c2VyX2JhY2tlbmQiOiJhY2NvdW50cy5iYWNrZW5kcy5FbWFpbEF1dGgiLCJfYXV0aF91c2VyX2lkIjoiMjEifQ==",
        "expire_date": "2017-10-15T10:07:29.049Z"
    }
},
{
    "model": "sessions.session",
    "pk": "e6hdvdxdmnphlqzpra8v8yd9ywyj4swb",
    "fields": {
        "session_data": "YTA0NDMzYWVlZDExN2RlMzI4YmQwMmY5ZjZmZjdhZWNjY2FhZjFlYjp7fQ==",
        "expire_date": "2017-10-13T07:55:12.546Z"
    }
},
{
    "model": "sessions.session",
    "pk": "eim3mzgfjnr1xtg7q819an9oe8j2aru8",
    "fields": {
        "session_data": "YTA0NDMzYWVlZDExN2RlMzI4YmQwMmY5ZjZmZjdhZWNjY2FhZjFlYjp7fQ==",
        "expire_date": "2017-10-15T00:59:32.390Z"
    }
},
{
    "model": "sessions.session",
    "pk": "fn9ik96qagir1f9oyevkr59a6p7mlghv",
    "fields": {
        "session_data": "MjZlMDU5OTY2MjBjOGMwZGJiMzQyZDRjYjVjOTJkMTE1ZGI0NzAzMjp7Il9hdXRoX3VzZXJfaGFzaCI6ImI0ZTA1MjQ4MjI5NWUyMmQxOGQ1MDI5MjgzYWViYjQ5MGIwN2RkMjAiLCJfYXV0aF91c2VyX2JhY2tlbmQiOiJhY2NvdW50cy5iYWNrZW5kcy5FbWFpbEF1dGgiLCJfYXV0aF91c2VyX2lkIjoiMjAifQ==",
        "expire_date": "2017-10-14T02:20:36.490Z"
    }
},
{
    "model": "sessions.session",
    "pk": "jvdf695hqzhc2j4zxsu9rxr3d3k4mzwl",
    "fields": {
        "session_data": "YTA0NDMzYWVlZDExN2RlMzI4YmQwMmY5ZjZmZjdhZWNjY2FhZjFlYjp7fQ==",
        "expire_date": "2017-10-15T01:39:32.480Z"
    }
},
{
    "model": "sessions.session",
    "pk": "kgynp8zfiddz60ec8887waktpvz3b67v",
    "fields": {
        "session_data": "YTA0NDMzYWVlZDExN2RlMzI4YmQwMmY5ZjZmZjdhZWNjY2FhZjFlYjp7fQ==",
        "expire_date": "2017-10-14T03:11:09.386Z"
    }
},
{
    "model": "sessions.session",
    "pk": "mncl37ccn7ms0nwgoh0kfgtnht4lg8pu",
    "fields": {
        "session_data": "YTA0NDMzYWVlZDExN2RlMzI4YmQwMmY5ZjZmZjdhZWNjY2FhZjFlYjp7fQ==",
        "expire_date": "2017-10-13T07:47:06.525Z"
    }
},
{
    "model": "sessions.session",
    "pk": "plyx9r0iopo4tpmfe7nwesv5hp8e53xz",
    "fields": {
        "session_data": "YTA0NDMzYWVlZDExN2RlMzI4YmQwMmY5ZjZmZjdhZWNjY2FhZjFlYjp7fQ==",
        "expire_date": "2017-10-15T00:58:23.336Z"
    }
},
{
    "model": "sessions.session",
    "pk": "tpv1s5vs03ymmatj31ofcz263wg3bm7p",
    "fields": {
        "session_data": "YTA0NDMzYWVlZDExN2RlMzI4YmQwMmY5ZjZmZjdhZWNjY2FhZjFlYjp7fQ==",
        "expire_date": "2017-10-15T01:21:16.653Z"
    }
},
{
    "model": "sessions.session",
    "pk": "ubp3t9im9rdau62x43c3hgse0eamcl5a",
    "fields": {
        "session_data": "YTA0NDMzYWVlZDExN2RlMzI4YmQwMmY5ZjZmZjdhZWNjY2FhZjFlYjp7fQ==",
        "expire_date": "2017-10-13T06:15:04.595Z"
    }
},
{
    "model": "sessions.session",
    "pk": "uqf78jerp2tjnxe0jbps9frf52w69bkp",
    "fields": {
        "session_data": "YTA0NDMzYWVlZDExN2RlMzI4YmQwMmY5ZjZmZjdhZWNjY2FhZjFlYjp7fQ==",
        "expire_date": "2017-10-14T08:34:22.797Z"
    }
},
{
    "model": "sites.site",
    "pk": 2,
    "fields": {
        "domain": "example.com",
        "name": "example.com"
    }
},
{
    "model": "accounts.user",
    "pk": 20,
    "fields": {
        "password": "pbkdf2_sha256$36000$A8sVnXh1nx4b$N1C+CJQEBWtlXyzbgbWYDD9kQnN69Q4LX/37DUaRNQs=",
        "last_login": "2017-10-01T03:24:56.503Z",
        "is_superuser": true,
        "username": "admin",
        "first_name": "",
        "last_name": "",
        "email": "christoal@outlook.com",
        "is_staff": true,
        "is_active": true,
        "date_joined": "2017-09-14T07:45:41.070Z",
        "stripe_id": "cus_BPKVlAPhZrsKqX",
        "subscription_end": "2017-10-14T02:15:27.512Z",
        "avatar": "avatars/bleach.jpg",
        "groups": [],
        "user_permissions": []
    }
},
{
    "model": "accounts.user",
    "pk": 21,
    "fields": {
        "password": "pbkdf2_sha256$36000$r4oGUQPlFKe5$8f1ngwTNm8nOBzqK0MPaNwm1DdWW0t3woX8KY0I+aRY=",
        "last_login": "2017-10-01T10:07:29.044Z",
        "is_superuser": false,
        "username": "test_user",
        "first_name": "",
        "last_name": "",
        "email": "123@test.com",
        "is_staff": false,
        "is_active": true,
        "date_joined": "2017-09-14T07:47:56.094Z",
        "stripe_id": "cus_BOfT9qTX59zRy2",
        "subscription_end": "2017-10-12T07:52:14.707Z",
        "avatar": "avatars/download.jpeg",
        "groups": [],
        "user_permissions": []
    }
},
{
    "model": "accounts.user",
    "pk": 22,
    "fields": {
        "password": "pbkdf2_sha256$36000$WuyLojcF0Qd5$HJ/KyB7R5Ii1+t0hu6JJ//5gILcpBCq4vFB7e6KoZI0=",
        "last_login": "2017-09-27T10:29:51.438Z",
        "is_superuser": false,
        "username": "Joe",
        "first_name": "",
        "last_name": "",
        "email": "joehong@123.com",
        "is_staff": false,
        "is_active": true,
        "date_joined": "2017-09-14T10:10:04.970Z",
        "stripe_id": "cus_BOhirHpeYJJ0va",
        "subscription_end": "2017-10-12T10:10:50.403Z",
        "avatar": "avatars/anime_pic.jpg",
        "groups": [],
        "user_permissions": []
    }
},
{
    "model": "accounts.user",
    "pk": 23,
    "fields": {
        "password": "pbkdf2_sha256$36000$rPN97jlNsLOp$VanCmPY6GbFHSKvN9shKoPQrWzmTXmuJPBJjJuGlW+Q=",
        "last_login": "2017-09-17T08:15:18.328Z",
        "is_superuser": false,
        "username": "aaaa",
        "first_name": "",
        "last_name": "",
        "email": "new@user.com",
        "is_staff": false,
        "is_active": true,
        "date_joined": "2017-09-17T08:15:18.098Z",
        "stripe_id": "",
        "subscription_end": "2017-09-17T08:15:18.098Z",
        "avatar": "",
        "groups": [],
        "user_permissions": []
    }
},
{
    "model": "accounts.user",
    "pk": 24,
    "fields": {
        "password": "pbkdf2_sha256$36000$Sn8fWpdbuWjI$T7WM+SzqFr7GgbAnNC6NCQmA3giFRXKuU0fEZcRGS/8=",
        "last_login": "2017-09-19T09:17:20.797Z",
        "is_superuser": false,
        "username": "numbers",
        "first_name": "",
        "last_name": "",
        "email": "1@2.com",
        "is_staff": false,
        "is_active": true,
        "date_joined": "2017-09-19T09:17:20.541Z",
        "stripe_id": "cus_BQZFsgsS6Cxao8",
        "subscription_end": "2017-10-17T09:34:08.878Z",
        "avatar": "",
        "groups": [],
        "user_permissions": []
    }
},
{
    "model": "accounts.user",
    "pk": 25,
    "fields": {
        "password": "pbkdf2_sha256$36000$zO8iKTQ6IbKd$Sl0xlr/i4l1Hl0aak9Go3jDjcJlHQuOVhFOknABq/CM=",
        "last_login": "2017-09-19T09:35:19.969Z",
        "is_superuser": false,
        "username": "Writer",
        "first_name": "",
        "last_name": "",
        "email": "a@t.com",
        "is_staff": false,
        "is_active": true,
        "date_joined": "2017-09-19T09:35:19.800Z",
        "stripe_id": "",
        "subscription_end": "2017-09-19T09:35:19.800Z",
        "avatar": "",
        "groups": [],
        "user_permissions": []
    }
},
{
    "model": "accounts.user",
    "pk": 26,
    "fields": {
        "password": "pbkdf2_sha256$36000$6EeFZK8Iu4IH$8OR/Lf9ahRlK0eQla+AlWhnAtYhQLJ5CaN5mlZ2/LIY=",
        "last_login": "2017-09-27T05:47:44.642Z",
        "is_superuser": false,
        "username": "not_subscribed",
        "first_name": "",
        "last_name": "",
        "email": "not@not.com",
        "is_staff": false,
        "is_active": true,
        "date_joined": "2017-09-23T01:53:57.299Z",
        "stripe_id": "",
        "subscription_end": "2017-09-23T01:53:57.299Z",
        "avatar": "avatars/DarkAnime.jpg",
        "groups": [],
        "user_permissions": []
    }
},
{
    "model": "accounts.user",
    "pk": 27,
    "fields": {
        "password": "pbkdf2_sha256$36000$jUjD2C1cOZvZ$a0h4NQCqVlyNUCw3si4i5FB9mTrwcJYHi3rjaEIar9g=",
        "last_login": "2017-10-01T03:24:15.995Z",
        "is_superuser": false,
        "username": "testing_this_out",
        "first_name": "",
        "last_name": "",
        "email": "newuser@user.com",
        "is_staff": false,
        "is_active": true,
        "date_joined": "2017-10-01T03:24:15.775Z",
        "stripe_id": "",
        "subscription_end": "2017-10-01T03:24:15.775Z",
        "avatar": "",
        "groups": [],
        "user_permissions": []
    }
},
{
    "model": "comments.comment",
    "pk": 14,
    "fields": {
        "author": [
            "test_user"
        ],
        "post": 1,
        "content": "I think i'll leave a comment here",
        "date_created": "2017-09-14T08:05:12.300Z"
    }
},
{
    "model": "comments.comment",
    "pk": 27,
    "fields": {
        "author": [
            "not_subscribed"
        ],
        "post": 24,
        "content": "a new comment",
        "date_created": "2017-09-26T06:48:10.877Z"
    }
},
{
    "model": "comments.comment",
    "pk": 34,
    "fields": {
        "author": [
            "admin"
        ],
        "post": 26,
        "content": "this is a cooment",
        "date_created": "2017-09-30T09:34:09.850Z"
    }
},
{
    "model": "comments.comment",
    "pk": 41,
    "fields": {
        "author": [
            "admin"
        ],
        "post": 45,
        "content": "edit this comment",
        "date_created": "2017-09-30T11:33:56.401Z"
    }
},
{
    "model": "comments.comment",
    "pk": 48,
    "fields": {
        "author": [
            "admin"
        ],
        "post": 26,
        "content": "hello",
        "date_created": "2017-10-01T04:21:33.906Z"
    }
},
{
    "model": "comments.comment",
    "pk": 51,
    "fields": {
        "author": [
            "admin"
        ],
        "post": 58,
        "content": "iii",
        "date_created": "2017-10-01T07:37:45.530Z"
    }
},
{
    "model": "post.post",
    "pk": 1,
    "fields": {
        "author": [
            "test_user"
        ],
        "category": "Poem",
        "genre": "Comedy",
        "title": "Funny Poem",
        "content": "This is a funny Poem",
        "date_created": "2017-09-14T07:50:20.272Z",
        "date_published": "2017-09-14T07:50:20.270Z",
        "is_featured": true,
        "is_entry": false,
        "is_winner": false,
        "views": 22,
        "image": "",
        "comp": null
    }
},
{
    "model": "post.post",
    "pk": 6,
    "fields": {
        "author": [
            "admin"
        ],
        "category": "Short",
        "genre": "Romance",
        "title": "Story time",
        "content": "This is a story all about how",
        "date_created": "2017-09-15T08:27:02.440Z",
        "date_published": "2017-09-15T08:27:02.438Z",
        "is_featured": true,
        "is_entry": false,
        "is_winner": false,
        "views": 5,
        "image": "",
        "comp": null
    }
},
{
    "model": "post.post",
    "pk": 23,
    "fields": {
        "author": [
            "admin"
        ],
        "category": "Memoir",
        "genre": null,
        "title": "my life",
        "content": "example",
        "date_created": "2017-09-20T05:04:45.064Z",
        "date_published": "2017-09-20T05:04:45.055Z",
        "is_featured": true,
        "is_entry": true,
        "is_winner": true,
        "views": 7,
        "image": "",
        "comp": 17
    }
},
{
    "model": "post.post",
    "pk": 24,
    "fields": {
        "author": [
            "test_user"
        ],
        "category": "Letter",
        "genre": null,
        "title": "a letter",
        "content": "an open letter",
        "date_created": "2017-09-20T05:05:20.600Z",
        "date_published": "2017-09-20T05:05:20.591Z",
        "is_featured": true,
        "is_entry": true,
        "is_winner": false,
        "views": 9,
        "image": "",
        "comp": 17
    }
},
{
    "model": "post.post",
    "pk": 25,
    "fields": {
        "author": [
            "Joe"
        ],
        "category": "Script",
        "genre": null,
        "title": "testing the new active comp",
        "content": "ftfuyfgjvjh",
        "date_created": "2017-09-20T05:06:21.123Z",
        "date_published": "2017-09-20T05:06:21Z",
        "is_featured": true,
        "is_entry": true,
        "is_winner": true,
        "views": 8,
        "image": "",
        "comp": 17
    }
},
{
    "model": "post.post",
    "pk": 26,
    "fields": {
        "author": [
            "Joe"
        ],
        "category": "Poem",
        "genre": null,
        "title": "hujh",
        "content": "no votes for this comp",
        "date_created": "2017-09-20T05:06:54.855Z",
        "date_published": "2017-09-20T05:06:54.845Z",
        "is_featured": true,
        "is_entry": true,
        "is_winner": false,
        "views": 30,
        "image": "",
        "comp": 17
    }
},
{
    "model": "post.post",
    "pk": 27,
    "fields": {
        "author": [
            "admin"
        ],
        "category": "Poem",
        "genre": "Expose",
        "title": "exposing the truth",
        "content": "exposure",
        "date_created": "2017-09-20T09:38:22.923Z",
        "date_published": null,
        "is_featured": false,
        "is_entry": false,
        "is_winner": false,
        "views": 1,
        "image": "",
        "comp": null
    }
},
{
    "model": "post.post",
    "pk": 28,
    "fields": {
        "author": [
            "admin"
        ],
        "category": "Poem",
        "genre": "Expose",
        "title": "dddd",
        "content": "dddd",
        "date_created": "2017-09-20T09:44:43.538Z",
        "date_published": "2017-09-20T09:44:43.530Z",
        "is_featured": true,
        "is_entry": false,
        "is_winner": false,
        "views": 6,
        "image": "",
        "comp": null
    }
},
{
    "model": "post.post",
    "pk": 29,
    "fields": {
        "author": [
            "admin"
        ],
        "category": "Short",
        "genre": "Opinion",
        "title": "opinion",
        "content": "onion",
        "date_created": "2017-09-20T09:45:01.912Z",
        "date_published": "2017-09-20T09:45:01.901Z",
        "is_featured": false,
        "is_entry": false,
        "is_winner": false,
        "views": 1,
        "image": "",
        "comp": null
    }
},
{
    "model": "post.post",
    "pk": 30,
    "fields": {
        "author": [
            "admin"
        ],
        "category": "Essay",
        "genre": null,
        "title": "drama story",
        "content": "drama",
        "date_created": "2017-09-20T09:45:18.359Z",
        "date_published": "2017-09-20T09:45:18.349Z",
        "is_featured": false,
        "is_entry": false,
        "is_winner": false,
        "views": 1,
        "image": "",
        "comp": null
    }
},
{
    "model": "post.post",
    "pk": 31,
    "fields": {
        "author": [
            "admin"
        ],
        "category": "Poem",
        "genre": "Expose",
        "title": "sss",
        "content": "sss",
        "date_created": "2017-09-21T03:12:36.821Z",
        "date_published": "2017-09-21T03:12:36.812Z",
        "is_featured": false,
        "is_entry": true,
        "is_winner": true,
        "views": 4,
        "image": "",
        "comp": 21
    }
},
{
    "model": "post.post",
    "pk": 32,
    "fields": {
        "author": [
            "admin"
        ],
        "category": "Short",
        "genre": null,
        "title": "yyy",
        "content": "yyy",
        "date_created": "2017-09-21T03:13:11.474Z",
        "date_published": "2017-09-21T03:13:11.465Z",
        "is_featured": true,
        "is_entry": true,
        "is_winner": true,
        "views": 20,
        "image": "",
        "comp": 21
    }
},
{
    "model": "post.post",
    "pk": 33,
    "fields": {
        "author": [
            "admin"
        ],
        "category": "Short",
        "genre": null,
        "title": "g",
        "content": "hhh",
        "date_created": "2017-09-21T03:14:30.589Z",
        "date_published": "2017-09-21T03:14:30.579Z",
        "is_featured": false,
        "is_entry": true,
        "is_winner": true,
        "views": 4,
        "image": "",
        "comp": 21
    }
},
{
    "model": "post.post",
    "pk": 35,
    "fields": {
        "author": [
            "admin"
        ],
        "category": "Short",
        "genre": null,
        "title": "qqq",
        "content": "qqq",
        "date_created": "2017-09-23T09:56:06.452Z",
        "date_published": "2017-09-23T09:56:06.442Z",
        "is_featured": false,
        "is_entry": true,
        "is_winner": true,
        "views": 4,
        "image": "",
        "comp": 26
    }
},
{
    "model": "post.post",
    "pk": 36,
    "fields": {
        "author": [
            "admin"
        ],
        "category": "Poem",
        "genre": null,
        "title": "y",
        "content": "y",
        "date_created": "2017-09-23T10:11:05.642Z",
        "date_published": "2017-09-23T10:11:05.630Z",
        "is_featured": false,
        "is_entry": false,
        "is_winner": false,
        "views": 2,
        "image": "",
        "comp": null
    }
},
{
    "model": "post.post",
    "pk": 37,
    "fields": {
        "author": [
            "admin"
        ],
        "category": "Short",
        "genre": null,
        "title": "gyu",
        "content": "ij",
        "date_created": "2017-09-23T10:25:06.307Z",
        "date_published": "2017-09-23T10:25:06.296Z",
        "is_featured": false,
        "is_entry": true,
        "is_winner": true,
        "views": 3,
        "image": "",
        "comp": 29
    }
},
{
    "model": "post.post",
    "pk": 38,
    "fields": {
        "author": [
            "admin"
        ],
        "category": "Poem",
        "genre": null,
        "title": "lkn",
        "content": "iho",
        "date_created": "2017-09-23T10:25:23.537Z",
        "date_published": "2017-09-23T10:25:23.527Z",
        "is_featured": false,
        "is_entry": true,
        "is_winner": true,
        "views": 4,
        "image": "",
        "comp": 29
    }
},
{
    "model": "post.post",
    "pk": 40,
    "fields": {
        "author": [
            "admin"
        ],
        "category": "Poem",
        "genre": null,
        "title": "qqq",
        "content": "qqq",
        "date_created": "2017-09-27T06:18:08.587Z",
        "date_published": "2017-09-27T06:18:08.578Z",
        "is_featured": false,
        "is_entry": true,
        "is_winner": true,
        "views": 7,
        "image": "",
        "comp": 32
    }
},
{
    "model": "post.post",
    "pk": 41,
    "fields": {
        "author": [
            "Joe"
        ],
        "category": "Poem",
        "genre": "Opinion",
        "title": "ggg",
        "content": "gggggg",
        "date_created": "2017-09-27T06:19:49.520Z",
        "date_published": "2017-09-27T06:19:49.512Z",
        "is_featured": false,
        "is_entry": true,
        "is_winner": false,
        "views": 29,
        "image": "",
        "comp": 32
    }
},
{
    "model": "post.post",
    "pk": 42,
    "fields": {
        "author": [
            "test_user"
        ],
        "category": "Short",
        "genre": "Comedy",
        "title": "gfbb  gfbr",
        "content": "this\r\nis a\r\nchecking \r\nlinebreaks",
        "date_created": "2017-09-27T06:20:35.110Z",
        "date_published": "2017-09-27T06:20:35.102Z",
        "is_featured": false,
        "is_entry": true,
        "is_winner": false,
        "views": 25,
        "image": "",
        "comp": 32
    }
},
{
    "model": "post.post",
    "pk": 43,
    "fields": {
        "author": [
            "Joe"
        ],
        "category": "Poem",
        "genre": "Horror",
        "title": "scary",
        "content": "poem",
        "date_created": "2017-09-27T10:30:52.981Z",
        "date_published": "2017-09-27T10:30:52.979Z",
        "is_featured": true,
        "is_entry": false,
        "is_winner": false,
        "views": 52,
        "image": "",
        "comp": null
    }
},
{
    "model": "post.post",
    "pk": 45,
    "fields": {
        "author": [
            "test_user"
        ],
        "category": "Essay",
        "genre": "Argument",
        "title": "www",
        "content": "www",
        "date_created": "2017-09-28T05:31:14.723Z",
        "date_published": "2017-09-28T05:31:14.715Z",
        "is_featured": false,
        "is_entry": false,
        "is_winner": false,
        "views": 12,
        "image": "",
        "comp": null
    }
},
{
    "model": "post.post",
    "pk": 46,
    "fields": {
        "author": [
            "admin"
        ],
        "category": "Short",
        "genre": "Opinion",
        "title": "let's see",
        "content": "it's just my opinion",
        "date_created": "2017-09-28T05:42:43.833Z",
        "date_published": "2017-09-28T05:42:43.825Z",
        "is_featured": true,
        "is_entry": true,
        "is_winner": true,
        "views": 45,
        "image": "",
        "comp": 34
    }
},
{
    "model": "post.post",
    "pk": 47,
    "fields": {
        "author": [
            "test_user"
        ],
        "category": "Poem",
        "genre": "Expose",
        "title": "www",
        "content": "www",
        "date_created": "2017-09-28T05:43:39.072Z",
        "date_published": "2017-09-28T05:43:39.063Z",
        "is_featured": false,
        "is_entry": true,
        "is_winner": true,
        "views": 12,
        "image": "",
        "comp": 34
    }
},
{
    "model": "post.post",
    "pk": 52,
    "fields": {
        "author": [
            "admin"
        ],
        "category": "Essay",
        "genre": null,
        "title": "yo",
        "content": "Lorem ipsum dolor sit amet, consectetur adipisicing elit. Consequuntur eum iste numquam, quisquam rerum soluta. Cum distinctio earum incidunt itaque labore odio officiis, repellat totam unde voluptatum. Architecto inventore, veritatis.Lorem ipsum dolor sit amet, consectetur adipisicing elit. Consequuntur eum iste numquam, quisquam rerum soluta. Cum distinctio earum incidunt itaque labore odio officiis, repellat totam unde voluptatum. Architecto inventore, veritatis.Lorem ipsum dolor sit amet, consectetur adipisicing elit. Consequuntur eum iste numquam, quisquam rerum soluta. Cum distinctio earum incidunt itaque labore odio officiis, repellat totam unde voluptatum. Architecto inventore, veritatis.Lorem ipsum dolor sit amet, consectetur adipisicing elit. Consequuntur eum iste numquam, quisquam rerum soluta. Cum distinctio earum incidunt itaque labore odio officiis, repellat totam unde voluptatum. Architecto inventore, veritatis.Lorem ipsum dolor sit amet, consectetur adipisicing elit. Consequuntur eum iste numquam, quisquam rerum soluta. Cum distinctio earum incidunt itaque labore odio officiis, repellat totam unde voluptatum. Architecto inventore, veritatis.Lorem ipsum dolor sit amet, consectetur adipisicing elit. Consequuntur eum iste numquam, quisquam rerum soluta. Cum distinctio earum incidunt itaque labore odio officiis, repellat totam unde voluptatum. Architecto inventore, veritatis.\r\n\r\nLorem ipsum dolor sit amet, consectetur adipisicing elit. Consequuntur eum iste numquam, quisquam rerum soluta. Cum distinctio earum incidunt itaque labore odio officiis, repellat totam unde voluptatum. Architecto inventore, veritatis.Lorem ipsum dolor sit amet, consectetur adipisicing elit. Consequuntur eum iste numquam, quisquam rerum soluta. Cum distinctio earum incidunt itaque labore odio officiis, repellat totam unde voluptatum. Architecto inventore, veritatis.Lorem ipsum dolor sit amet, consectetur adipisicing elit. Consequuntur eum iste numquam, quisquam rerum soluta. Cum distinctio earum incidunt itaque labore odio officiis, repellat totam unde voluptatum. Architecto inventore, veritatis.",
        "date_created": "2017-10-01T03:59:31.672Z",
        "date_published": "2017-10-01T04:01:55.473Z",
        "is_featured": true,
        "is_entry": false,
        "is_winner": false,
        "views": 11,
        "image": "images/anime-universe.jpg",
        "comp": null
    }
},
{
    "model": "post.post",
    "pk": 53,
    "fields": {
        "author": [
            "admin"
        ],
        "category": "Short",
        "genre": null,
        "title": "eny",
        "content": "eyne",
        "date_created": "2017-10-01T04:29:14.533Z",
        "date_published": "2017-10-01T04:29:14.531Z",
        "is_featured": true,
        "is_entry": false,
        "is_winner": false,
        "views": 4,
        "image": "",
        "comp": null
    }
},
{
    "model": "post.post",
    "pk": 54,
    "fields": {
        "author": [
            "admin"
        ],
        "category": "Essay",
        "genre": "Expose",
        "title": "eeee",
        "content": "eeeee",
        "date_created": "2017-10-01T07:00:39.330Z",
        "date_published": "2017-10-01T07:00:39.321Z",
        "is_featured": false,
        "is_entry": false,
        "is_winner": false,
        "views": 5,
        "image": "images/anime-boys.jpg",
        "comp": null
    }
},
{
    "model": "post.post",
    "pk": 56,
    "fields": {
        "author": [
            "admin"
        ],
        "category": "Essay",
        "genre": "Argument",
        "title": "aaa",
        "content": "aaaaaa",
        "date_created": "2017-10-01T07:05:48.941Z",
        "date_published": "2017-10-01T07:05:48.933Z",
        "is_featured": false,
        "is_entry": true,
        "is_winner": false,
        "views": 2,
        "image": "",
        "comp": 41
    }
},
{
    "model": "post.post",
    "pk": 57,
    "fields": {
        "author": [
            "admin"
        ],
        "category": "Speech",
        "genre": "Expose",
        "title": "gggg",
        "content": "g5fg2efgert3",
        "date_created": "2017-10-01T07:06:19.346Z",
        "date_published": "2017-10-01T07:06:19.337Z",
        "is_featured": false,
        "is_entry": true,
        "is_winner": true,
        "views": 6,
        "image": "",
        "comp": 41
    }
},
{
    "model": "post.post",
    "pk": 58,
    "fields": {
        "author": [
            "admin"
        ],
        "category": "Short",
        "genre": "Expose",
        "title": "yg",
        "content": "ygygygygyg",
        "date_created": "2017-10-01T07:14:44.931Z",
        "date_published": "2017-10-01T07:14:44.922Z",
        "is_featured": false,
        "is_entry": true,
        "is_winner": false,
        "views": 14,
        "image": "",
        "comp": 42
    }
},
{
    "model": "post.competition",
    "pk": 17,
    "fields": {
        "title": "now",
        "brief": "quick comp",
        "entry_period_start": "2017-09-20T05:03:34Z",
        "entry_period_fin": "2017-09-20T05:07:36Z",
        "vote_period_start": "2017-09-20T05:07:37Z",
        "vote_period_end": "2017-09-20T06:59:01Z",
        "winner": true,
        "prize": 2
    }
},
{
    "model": "post.competition",
    "pk": 21,
    "fields": {
        "title": "xxx",
        "brief": "xxx",
        "entry_period_start": "2017-09-21T03:11:51Z",
        "entry_period_fin": "2017-09-21T03:14:54Z",
        "vote_period_start": "2017-09-21T03:14:59Z",
        "vote_period_end": "2017-09-21T03:16:04Z",
        "winner": true,
        "prize": 4
    }
},
{
    "model": "post.competition",
    "pk": 26,
    "fields": {
        "title": "111",
        "brief": "111",
        "entry_period_start": "2017-09-23T09:52:47Z",
        "entry_period_fin": "2017-09-23T09:56:58Z",
        "vote_period_start": "2017-09-23T09:57:02Z",
        "vote_period_end": "2017-09-23T09:59:48Z",
        "winner": true,
        "prize": 4
    }
},
{
    "model": "post.competition",
    "pk": 29,
    "fields": {
        "title": "ty",
        "brief": "jhv",
        "entry_period_start": "2017-09-23T10:24:27Z",
        "entry_period_fin": "2017-09-23T10:25:29Z",
        "vote_period_start": "2017-09-23T10:25:36Z",
        "vote_period_end": "2017-09-23T10:27:44Z",
        "winner": true,
        "prize": 4
    }
},
{
    "model": "post.competition",
    "pk": 32,
    "fields": {
        "title": "brand new",
        "brief": "write some",
        "entry_period_start": "2017-09-27T06:17:24Z",
        "entry_period_fin": "2017-09-27T06:21:28Z",
        "vote_period_start": "2017-09-27T06:21:35Z",
        "vote_period_end": "2017-09-27T06:24:40Z",
        "winner": true,
        "prize": 4
    }
},
{
    "model": "post.competition",
    "pk": 34,
    "fields": {
        "title": "winner",
        "brief": "winner comp",
        "entry_period_start": "2017-09-28T05:41:46Z",
        "entry_period_fin": "2017-09-28T05:43:47Z",
        "vote_period_start": "2017-09-28T05:43:54Z",
        "vote_period_end": "2017-09-28T05:45:58Z",
        "winner": true,
        "prize": 4
    }
},
{
    "model": "post.competition",
    "pk": 41,
    "fields": {
        "title": "has a winner",
        "brief": "rrrr",
        "entry_period_start": "2017-10-01T07:05:03Z",
        "entry_period_fin": "2017-10-01T07:07:04Z",
        "vote_period_start": "2017-10-01T07:07:09Z",
        "vote_period_end": "2017-10-01T07:08:11Z",
        "winner": true,
        "prize": 4
    }
},
{
    "model": "post.competition",
    "pk": 42,
    "fields": {
        "title": "g",
        "brief": "g",
        "entry_period_start": "2017-10-01T07:13:57Z",
        "entry_period_fin": "2017-10-01T07:15:59Z",
        "vote_period_start": "2017-10-01T07:15:00Z",
        "vote_period_end": "2017-10-01T08:25:03Z",
        "winner": false,
        "prize": null
    }
},
{
    "model": "vote.vote",
    "pk": 27,
    "fields": {
        "voter": [
            "admin"
        ],
        "comp": 17,
        "post_id": 25
    }
},
{
    "model": "vote.vote",
    "pk": 28,
    "fields": {
        "voter": [
            "admin"
        ],
        "comp": 17,
        "post_id": 23
    }
},
{
    "model": "vote.vote",
    "pk": 29,
    "fields": {
        "voter": [
            "admin"
        ],
        "comp": 21,
        "post_id": 31
    }
},
{
    "model": "vote.vote",
    "pk": 30,
    "fields": {
        "voter": [
            "admin"
        ],
        "comp": 21,
        "post_id": 32
    }
},
{
    "model": "vote.vote",
    "pk": 31,
    "fields": {
        "voter": [
            "admin"
        ],
        "comp": 21,
        "post_id": 33
    }
},
{
    "model": "vote.vote",
    "pk": 32,
    "fields": {
        "voter": [
            "admin"
        ],
        "comp": 26,
        "post_id": 35
    }
},
{
    "model": "vote.vote",
    "pk": 33,
    "fields": {
        "voter": [
            "admin"
        ],
        "comp": 29,
        "post_id": 37
    }
},
{
    "model": "vote.vote",
    "pk": 34,
    "fields": {
        "voter": [
            "admin"
        ],
        "comp": 29,
        "post_id": 38
    }
},
{
    "model": "vote.vote",
    "pk": 35,
    "fields": {
        "voter": [
            "test_user"
        ],
        "comp": 32,
        "post_id": 40
    }
},
{
    "model": "vote.vote",
    "pk": 36,
    "fields": {
        "voter": [
            "test_user"
        ],
        "comp": 34,
        "post_id": 46
    }
},
{
    "model": "vote.vote",
    "pk": 37,
    "fields": {
        "voter": [
            "test_user"
        ],
        "comp": 34,
        "post_id": 47
    }
},
{
    "model": "vote.vote",
    "pk": 38,
    "fields": {
        "voter": [
            "admin"
        ],
        "comp": 41,
        "post_id": 57
    }
},
{
    "model": "vote.vote",
    "pk": 39,
    "fields": {
        "voter": [
            "admin"
        ],
        "comp": 42,
        "post_id": 58
    }
},
{
    "model": "admin.logentry",
    "pk": 61,
    "fields": {
        "action_time": "2017-09-14T07:47:09.964Z",
        "user": [
            "admin"
        ],
        "content_type": [
            "post",
            "competition"
        ],
        "object_id": "9",
        "object_repr": "Comedy",
        "action_flag": 1,
        "change_message": "[{\"added\": {}}]"
    }
},
{
    "model": "admin.logentry",
    "pk": 62,
    "fields": {
        "action_time": "2017-09-14T10:21:08.548Z",
        "user": [
            "admin"
        ],
        "content_type": [
            "post",
            "competition"
        ],
        "object_id": "9",
        "object_repr": "Comedy",
        "action_flag": 2,
        "change_message": "[{\"changed\": {\"fields\": [\"entry_period_fin\", \"vote_period_start\", \"vote_period_end\"]}}]"
    }
},
{
    "model": "admin.logentry",
    "pk": 63,
    "fields": {
        "action_time": "2017-09-14T10:21:25.725Z",
        "user": [
            "admin"
        ],
        "content_type": [
            "post",
            "competition"
        ],
        "object_id": "9",
        "object_repr": "Comedy",
        "action_flag": 2,
        "change_message": "[{\"changed\": {\"fields\": [\"vote_period_end\"]}}]"
    }
},
{
    "model": "admin.logentry",
    "pk": 64,
    "fields": {
        "action_time": "2017-09-15T01:22:15.970Z",
        "user": [
            "admin"
        ],
        "content_type": [
            "post",
            "competition"
        ],
        "object_id": "9",
        "object_repr": "Comedy",
        "action_flag": 2,
        "change_message": "[{\"changed\": {\"fields\": [\"vote_period_end\", \"winner\", \"prize\"]}}]"
    }
},
{
    "model": "admin.logentry",
    "pk": 65,
    "fields": {
        "action_time": "2017-09-15T01:26:02.983Z",
        "user": [
            "admin"
        ],
        "content_type": [
            "post",
            "competition"
        ],
        "object_id": "9",
        "object_repr": "Comedy",
        "action_flag": 2,
        "change_message": "[{\"changed\": {\"fields\": [\"vote_period_end\"]}}]"
    }
},
{
    "model": "admin.logentry",
    "pk": 66,
    "fields": {
        "action_time": "2017-09-15T06:29:48.293Z",
        "user": [
            "admin"
        ],
        "content_type": [
            "post",
            "competition"
        ],
        "object_id": "10",
        "object_repr": "Poetry",
        "action_flag": 1,
        "change_message": "[{\"added\": {}}]"
    }
},
{
    "model": "admin.logentry",
    "pk": 67,
    "fields": {
        "action_time": "2017-09-16T03:58:33.998Z",
        "user": [
            "admin"
        ],
        "content_type": [
            "post",
            "competition"
        ],
        "object_id": "10",
        "object_repr": "Poetry",
        "action_flag": 2,
        "change_message": "[{\"changed\": {\"fields\": [\"entry_period_fin\", \"vote_period_start\"]}}]"
    }
},
{
    "model": "admin.logentry",
    "pk": 68,
    "fields": {
        "action_time": "2017-09-16T06:25:53.771Z",
        "user": [
            "admin"
        ],
        "content_type": [
            "post",
            "competition"
        ],
        "object_id": "10",
        "object_repr": "Poetry",
        "action_flag": 2,
        "change_message": "[{\"changed\": {\"fields\": [\"vote_period_end\"]}}]"
    }
},
{
    "model": "admin.logentry",
    "pk": 69,
    "fields": {
        "action_time": "2017-09-16T06:33:50.989Z",
        "user": [
            "admin"
        ],
        "content_type": [
            "post",
            "competition"
        ],
        "object_id": "10",
        "object_repr": "Poetry",
        "action_flag": 2,
        "change_message": "[{\"changed\": {\"fields\": [\"winner\", \"prize\"]}}]"
    }
},
{
    "model": "admin.logentry",
    "pk": 70,
    "fields": {
        "action_time": "2017-09-16T07:59:13.843Z",
        "user": [
            "admin"
        ],
        "content_type": [
            "post",
            "competition"
        ],
        "object_id": "10",
        "object_repr": "Poetry",
        "action_flag": 2,
        "change_message": "[{\"changed\": {\"fields\": [\"winner\", \"prize\"]}}]"
    }
},
{
    "model": "admin.logentry",
    "pk": 71,
    "fields": {
        "action_time": "2017-09-16T08:24:42.099Z",
        "user": [
            "admin"
        ],
        "content_type": [
            "post",
            "competition"
        ],
        "object_id": "10",
        "object_repr": "Poetry",
        "action_flag": 2,
        "change_message": "[]"
    }
},
{
    "model": "admin.logentry",
    "pk": 72,
    "fields": {
        "action_time": "2017-09-16T08:54:08.534Z",
        "user": [
            "admin"
        ],
        "content_type": [
            "post",
            "competition"
        ],
        "object_id": "10",
        "object_repr": "Poetry",
        "action_flag": 2,
        "change_message": "[{\"changed\": {\"fields\": [\"vote_period_end\"]}}]"
    }
},
{
    "model": "admin.logentry",
    "pk": 73,
    "fields": {
        "action_time": "2017-09-16T08:54:46.469Z",
        "user": [
            "admin"
        ],
        "content_type": [
            "post",
            "competition"
        ],
        "object_id": "10",
        "object_repr": "Poetry",
        "action_flag": 2,
        "change_message": "[{\"changed\": {\"fields\": [\"vote_period_end\"]}}]"
    }
},
{
    "model": "admin.logentry",
    "pk": 74,
    "fields": {
        "action_time": "2017-09-16T09:14:30.855Z",
        "user": [
            "admin"
        ],
        "content_type": [
            "post",
            "competition"
        ],
        "object_id": "10",
        "object_repr": "Poetry",
        "action_flag": 2,
        "change_message": "[{\"changed\": {\"fields\": [\"vote_period_end\", \"winner\", \"prize\"]}}]"
    }
},
{
    "model": "admin.logentry",
    "pk": 75,
    "fields": {
        "action_time": "2017-09-16T09:15:14.320Z",
        "user": [
            "admin"
        ],
        "content_type": [
            "post",
            "competition"
        ],
        "object_id": "10",
        "object_repr": "Poetry",
        "action_flag": 2,
        "change_message": "[{\"changed\": {\"fields\": [\"vote_period_end\"]}}]"
    }
},
{
    "model": "admin.logentry",
    "pk": 76,
    "fields": {
        "action_time": "2017-09-17T02:26:54.348Z",
        "user": [
            "admin"
        ],
        "content_type": [
            "post",
            "competition"
        ],
        "object_id": "10",
        "object_repr": "Poetry",
        "action_flag": 2,
        "change_message": "[]"
    }
},
{
    "model": "admin.logentry",
    "pk": 77,
    "fields": {
        "action_time": "2017-09-17T02:56:17.323Z",
        "user": [
            "admin"
        ],
        "content_type": [
            "post",
            "competition"
        ],
        "object_id": "9",
        "object_repr": "Comedy",
        "action_flag": 2,
        "change_message": "[{\"changed\": {\"fields\": [\"winner\"]}}]"
    }
},
{
    "model": "admin.logentry",
    "pk": 78,
    "fields": {
        "action_time": "2017-09-17T02:59:58.893Z",
        "user": [
            "admin"
        ],
        "content_type": [
            "post",
            "competition"
        ],
        "object_id": "10",
        "object_repr": "Poetry",
        "action_flag": 3,
        "change_message": ""
    }
},
{
    "model": "admin.logentry",
    "pk": 79,
    "fields": {
        "action_time": "2017-09-17T03:00:08.459Z",
        "user": [
            "admin"
        ],
        "content_type": [
            "post",
            "competition"
        ],
        "object_id": "9",
        "object_repr": "Comedy",
        "action_flag": 3,
        "change_message": ""
    }
},
{
    "model": "admin.logentry",
    "pk": 80,
    "fields": {
        "action_time": "2017-09-17T03:01:11.229Z",
        "user": [
            "admin"
        ],
        "content_type": [
            "post",
            "competition"
        ],
        "object_id": "11",
        "object_repr": "New comp",
        "action_flag": 1,
        "change_message": "[{\"added\": {}}]"
    }
},
{
    "model": "admin.logentry",
    "pk": 81,
    "fields": {
        "action_time": "2017-09-17T03:03:55.310Z",
        "user": [
            "admin"
        ],
        "content_type": [
            "post",
            "competition"
        ],
        "object_id": "11",
        "object_repr": "New comp",
        "action_flag": 2,
        "change_message": "[{\"changed\": {\"fields\": [\"entry_period_fin\", \"vote_period_start\", \"vote_period_end\"]}}]"
    }
},
{
    "model": "admin.logentry",
    "pk": 82,
    "fields": {
        "action_time": "2017-09-17T03:21:01.964Z",
        "user": [
            "admin"
        ],
        "content_type": [
            "post",
            "competition"
        ],
        "object_id": "11",
        "object_repr": "New comp",
        "action_flag": 2,
        "change_message": "[{\"changed\": {\"fields\": [\"winner\"]}}]"
    }
},
{
    "model": "admin.logentry",
    "pk": 83,
    "fields": {
        "action_time": "2017-09-17T03:36:41.124Z",
        "user": [
            "admin"
        ],
        "content_type": [
            "post",
            "competition"
        ],
        "object_id": "12",
        "object_repr": "only one winner",
        "action_flag": 1,
        "change_message": "[{\"added\": {}}]"
    }
},
{
    "model": "admin.logentry",
    "pk": 84,
    "fields": {
        "action_time": "2017-09-17T06:58:16.715Z",
        "user": [
            "admin"
        ],
        "content_type": [
            "post",
            "competition"
        ],
        "object_id": "13",
        "object_repr": "Poetry",
        "action_flag": 1,
        "change_message": "[{\"added\": {}}]"
    }
},
{
    "model": "admin.logentry",
    "pk": 85,
    "fields": {
        "action_time": "2017-09-17T08:26:57.174Z",
        "user": [
            "admin"
        ],
        "content_type": [
            "post",
            "competition"
        ],
        "object_id": "13",
        "object_repr": "Poetry",
        "action_flag": 2,
        "change_message": "[{\"changed\": {\"fields\": [\"vote_period_start\", \"vote_period_end\"]}}]"
    }
},
{
    "model": "admin.logentry",
    "pk": 86,
    "fields": {
        "action_time": "2017-09-17T08:27:31.396Z",
        "user": [
            "admin"
        ],
        "content_type": [
            "post",
            "competition"
        ],
        "object_id": "13",
        "object_repr": "Poetry",
        "action_flag": 2,
        "change_message": "[]"
    }
},
{
    "model": "admin.logentry",
    "pk": 87,
    "fields": {
        "action_time": "2017-09-17T08:28:15.849Z",
        "user": [
            "admin"
        ],
        "content_type": [
            "post",
            "competition"
        ],
        "object_id": "13",
        "object_repr": "Poetry",
        "action_flag": 2,
        "change_message": "[{\"changed\": {\"fields\": [\"entry_period_fin\"]}}]"
    }
},
{
    "model": "admin.logentry",
    "pk": 88,
    "fields": {
        "action_time": "2017-09-17T08:29:42.645Z",
        "user": [
            "admin"
        ],
        "content_type": [
            "post",
            "competition"
        ],
        "object_id": "13",
        "object_repr": "Poetry",
        "action_flag": 2,
        "change_message": "[{\"changed\": {\"fields\": [\"entry_period_fin\"]}}]"
    }
},
{
    "model": "admin.logentry",
    "pk": 89,
    "fields": {
        "action_time": "2017-09-18T09:00:39.456Z",
        "user": [
            "admin"
        ],
        "content_type": [
            "post",
            "competition"
        ],
        "object_id": "13",
        "object_repr": "Poetry",
        "action_flag": 2,
        "change_message": "[{\"changed\": {\"fields\": [\"vote_period_start\"]}}]"
    }
},
{
    "model": "admin.logentry",
    "pk": 90,
    "fields": {
        "action_time": "2017-09-18T09:01:58.619Z",
        "user": [
            "admin"
        ],
        "content_type": [
            "post",
            "competition"
        ],
        "object_id": "13",
        "object_repr": "Poetry",
        "action_flag": 2,
        "change_message": "[{\"changed\": {\"fields\": [\"vote_period_end\"]}}]"
    }
},
{
    "model": "admin.logentry",
    "pk": 91,
    "fields": {
        "action_time": "2017-09-19T08:19:47.404Z",
        "user": [
            "admin"
        ],
        "content_type": [
            "post",
            "competition"
        ],
        "object_id": "14",
        "object_repr": "Short Story",
        "action_flag": 1,
        "change_message": "[{\"added\": {}}]"
    }
},
{
    "model": "admin.logentry",
    "pk": 92,
    "fields": {
        "action_time": "2017-09-19T08:50:36.297Z",
        "user": [
            "admin"
        ],
        "content_type": [
            "post",
            "competition"
        ],
        "object_id": "14",
        "object_repr": "Short Story",
        "action_flag": 2,
        "change_message": "[{\"changed\": {\"fields\": [\"vote_period_end\"]}}]"
    }
},
{
    "model": "admin.logentry",
    "pk": 93,
    "fields": {
        "action_time": "2017-09-20T02:59:36.060Z",
        "user": [
            "admin"
        ],
        "content_type": [
            "post",
            "competition"
        ],
        "object_id": "14",
        "object_repr": "Short Story",
        "action_flag": 2,
        "change_message": "[{\"changed\": {\"fields\": [\"vote_period_end\"]}}]"
    }
},
{
    "model": "admin.logentry",
    "pk": 94,
    "fields": {
        "action_time": "2017-09-20T03:08:15.634Z",
        "user": [
            "admin"
        ],
        "content_type": [
            "post",
            "competition"
        ],
        "object_id": "14",
        "object_repr": "Short Story",
        "action_flag": 2,
        "change_message": "[{\"changed\": {\"fields\": [\"winner\"]}}]"
    }
},
{
    "model": "admin.logentry",
    "pk": 95,
    "fields": {
        "action_time": "2017-09-20T03:27:32.076Z",
        "user": [
            "admin"
        ],
        "content_type": [
            "post",
            "competition"
        ],
        "object_id": "14",
        "object_repr": "Short Story",
        "action_flag": 2,
        "change_message": "[]"
    }
},
{
    "model": "admin.logentry",
    "pk": 96,
    "fields": {
        "action_time": "2017-09-20T03:28:10.391Z",
        "user": [
            "admin"
        ],
        "content_type": [
            "post",
            "post"
        ],
        "object_id": "19",
        "object_repr": "Sad story",
        "action_flag": 2,
        "change_message": "[{\"changed\": {\"fields\": [\"is_winner\", \"comp\"]}}]"
    }
},
{
    "model": "admin.logentry",
    "pk": 97,
    "fields": {
        "action_time": "2017-09-20T03:28:49.133Z",
        "user": [
            "admin"
        ],
        "content_type": [
            "post",
            "post"
        ],
        "object_id": "19",
        "object_repr": "Sad story",
        "action_flag": 2,
        "change_message": "[{\"changed\": {\"fields\": [\"comp\"]}}]"
    }
},
{
    "model": "admin.logentry",
    "pk": 98,
    "fields": {
        "action_time": "2017-09-20T03:30:36.531Z",
        "user": [
            "admin"
        ],
        "content_type": [
            "post",
            "competition"
        ],
        "object_id": "15",
        "object_repr": "no entry comp",
        "action_flag": 1,
        "change_message": "[{\"added\": {}}]"
    }
},
{
    "model": "admin.logentry",
    "pk": 99,
    "fields": {
        "action_time": "2017-09-20T03:32:03.166Z",
        "user": [
            "admin"
        ],
        "content_type": [
            "post",
            "competition"
        ],
        "object_id": "16",
        "object_repr": "two winners",
        "action_flag": 1,
        "change_message": "[{\"added\": {}}]"
    }
},
{
    "model": "admin.logentry",
    "pk": 100,
    "fields": {
        "action_time": "2017-09-20T03:33:19.423Z",
        "user": [
            "admin"
        ],
        "content_type": [
            "post",
            "competition"
        ],
        "object_id": "16",
        "object_repr": "two winners",
        "action_flag": 2,
        "change_message": "[{\"changed\": {\"fields\": [\"entry_period_fin\", \"vote_period_start\", \"vote_period_end\"]}}]"
    }
},
{
    "model": "admin.logentry",
    "pk": 101,
    "fields": {
        "action_time": "2017-09-20T03:46:01.522Z",
        "user": [
            "admin"
        ],
        "content_type": [
            "post",
            "post"
        ],
        "object_id": "21",
        "object_repr": "qqq",
        "action_flag": 2,
        "change_message": "[{\"changed\": {\"fields\": [\"is_winner\"]}}]"
    }
},
{
    "model": "admin.logentry",
    "pk": 102,
    "fields": {
        "action_time": "2017-09-20T03:46:18.223Z",
        "user": [
            "admin"
        ],
        "content_type": [
            "post",
            "competition"
        ],
        "object_id": "16",
        "object_repr": "two winners",
        "action_flag": 2,
        "change_message": "[{\"changed\": {\"fields\": [\"winner\"]}}]"
    }
},
{
    "model": "admin.logentry",
    "pk": 103,
    "fields": {
        "action_time": "2017-09-20T04:49:11.364Z",
        "user": [
            "admin"
        ],
        "content_type": [
            "post",
            "competition"
        ],
        "object_id": "16",
        "object_repr": "two winners",
        "action_flag": 2,
        "change_message": "[{\"changed\": {\"fields\": [\"winner\"]}}]"
    }
},
{
    "model": "admin.logentry",
    "pk": 104,
    "fields": {
        "action_time": "2017-09-20T04:49:28.124Z",
        "user": [
            "admin"
        ],
        "content_type": [
            "post",
            "post"
        ],
        "object_id": "22",
        "object_repr": "aaa",
        "action_flag": 2,
        "change_message": "[{\"changed\": {\"fields\": [\"is_winner\"]}}]"
    }
},
{
    "model": "admin.logentry",
    "pk": 105,
    "fields": {
        "action_time": "2017-09-20T04:49:34.330Z",
        "user": [
            "admin"
        ],
        "content_type": [
            "post",
            "post"
        ],
        "object_id": "21",
        "object_repr": "qqq",
        "action_flag": 2,
        "change_message": "[{\"changed\": {\"fields\": [\"is_winner\"]}}]"
    }
},
{
    "model": "admin.logentry",
    "pk": 106,
    "fields": {
        "action_time": "2017-09-20T05:04:14.960Z",
        "user": [
            "admin"
        ],
        "content_type": [
            "post",
            "competition"
        ],
        "object_id": "17",
        "object_repr": "now",
        "action_flag": 1,
        "change_message": "[{\"added\": {}}]"
    }
},
{
    "model": "admin.logentry",
    "pk": 107,
    "fields": {
        "action_time": "2017-09-20T06:40:57.348Z",
        "user": [
            "admin"
        ],
        "content_type": [
            "post",
            "competition"
        ],
        "object_id": "17",
        "object_repr": "now",
        "action_flag": 2,
        "change_message": "[{\"changed\": {\"fields\": [\"vote_period_end\"]}}]"
    }
},
{
    "model": "admin.logentry",
    "pk": 108,
    "fields": {
        "action_time": "2017-09-20T06:53:15.247Z",
        "user": [
            "admin"
        ],
        "content_type": [
            "post",
            "competition"
        ],
        "object_id": "17",
        "object_repr": "now",
        "action_flag": 2,
        "change_message": "[{\"changed\": {\"fields\": [\"winner\"]}}]"
    }
},
{
    "model": "admin.logentry",
    "pk": 109,
    "fields": {
        "action_time": "2017-09-20T06:53:38.749Z",
        "user": [
            "admin"
        ],
        "content_type": [
            "post",
            "post"
        ],
        "object_id": "25",
        "object_repr": "testing the new active comp",
        "action_flag": 2,
        "change_message": "[{\"changed\": {\"fields\": [\"is_winner\"]}}]"
    }
},
{
    "model": "admin.logentry",
    "pk": 110,
    "fields": {
        "action_time": "2017-09-20T06:57:09.022Z",
        "user": [
            "admin"
        ],
        "content_type": [
            "post",
            "competition"
        ],
        "object_id": "17",
        "object_repr": "now",
        "action_flag": 2,
        "change_message": "[{\"changed\": {\"fields\": [\"vote_period_end\"]}}]"
    }
},
{
    "model": "admin.logentry",
    "pk": 111,
    "fields": {
        "action_time": "2017-09-20T07:20:09.815Z",
        "user": [
            "admin"
        ],
        "content_type": [
            "post",
            "competition"
        ],
        "object_id": "18",
        "object_repr": "a",
        "action_flag": 1,
        "change_message": "[{\"added\": {}}]"
    }
},
{
    "model": "admin.logentry",
    "pk": 112,
    "fields": {
        "action_time": "2017-09-20T08:56:33.360Z",
        "user": [
            "admin"
        ],
        "content_type": [
            "post",
            "competition"
        ],
        "object_id": "15",
        "object_repr": "no entry comp",
        "action_flag": 3,
        "change_message": ""
    }
},
{
    "model": "admin.logentry",
    "pk": 113,
    "fields": {
        "action_time": "2017-09-20T09:44:25.807Z",
        "user": [
            "admin"
        ],
        "content_type": [
            "post",
            "competition"
        ],
        "object_id": "19",
        "object_repr": "no votes",
        "action_flag": 1,
        "change_message": "[{\"added\": {}}]"
    }
},
{
    "model": "admin.logentry",
    "pk": 114,
    "fields": {
        "action_time": "2017-09-20T09:45:54.697Z",
        "user": [
            "admin"
        ],
        "content_type": [
            "post",
            "competition"
        ],
        "object_id": "19",
        "object_repr": "no votes",
        "action_flag": 2,
        "change_message": "[{\"changed\": {\"fields\": [\"entry_period_fin\", \"vote_period_start\", \"vote_period_end\"]}}]"
    }
},
{
    "model": "admin.logentry",
    "pk": 115,
    "fields": {
        "action_time": "2017-09-21T01:43:52.585Z",
        "user": [
            "admin"
        ],
        "content_type": [
            "post",
            "competition"
        ],
        "object_id": "19",
        "object_repr": "no votes",
        "action_flag": 2,
        "change_message": "[{\"changed\": {\"fields\": [\"winner\"]}}]"
    }
},
{
    "model": "admin.logentry",
    "pk": 116,
    "fields": {
        "action_time": "2017-09-21T02:07:35.045Z",
        "user": [
            "admin"
        ],
        "content_type": [
            "post",
            "competition"
        ],
        "object_id": "19",
        "object_repr": "no votes",
        "action_flag": 2,
        "change_message": "[{\"changed\": {\"fields\": [\"winner\"]}}]"
    }
},
{
    "model": "admin.logentry",
    "pk": 117,
    "fields": {
        "action_time": "2017-09-21T02:15:10.222Z",
        "user": [
            "admin"
        ],
        "content_type": [
            "post",
            "competition"
        ],
        "object_id": "19",
        "object_repr": "no votes",
        "action_flag": 2,
        "change_message": "[{\"changed\": {\"fields\": [\"winner\"]}}]"
    }
},
{
    "model": "admin.logentry",
    "pk": 118,
    "fields": {
        "action_time": "2017-09-21T02:24:05.580Z",
        "user": [
            "admin"
        ],
        "content_type": [
            "post",
            "competition"
        ],
        "object_id": "19",
        "object_repr": "no votes",
        "action_flag": 2,
        "change_message": "[{\"changed\": {\"fields\": [\"winner\"]}}]"
    }
},
{
    "model": "admin.logentry",
    "pk": 119,
    "fields": {
        "action_time": "2017-09-21T02:45:33.485Z",
        "user": [
            "admin"
        ],
        "content_type": [
            "post",
            "competition"
        ],
        "object_id": "20",
        "object_repr": "test no entries",
        "action_flag": 1,
        "change_message": "[{\"added\": {}}]"
    }
},
{
    "model": "admin.logentry",
    "pk": 120,
    "fields": {
        "action_time": "2017-09-21T03:12:12.144Z",
        "user": [
            "admin"
        ],
        "content_type": [
            "post",
            "competition"
        ],
        "object_id": "21",
        "object_repr": "xxx",
        "action_flag": 1,
        "change_message": "[{\"added\": {}}]"
    }
},
{
    "model": "admin.logentry",
    "pk": 121,
    "fields": {
        "action_time": "2017-09-23T01:42:11.253Z",
        "user": [
            "admin"
        ],
        "content_type": [
            "post",
            "competition"
        ],
        "object_id": "22",
        "object_repr": "This comp",
        "action_flag": 1,
        "change_message": "[{\"added\": {}}]"
    }
},
{
    "model": "admin.logentry",
    "pk": 122,
    "fields": {
        "action_time": "2017-09-23T05:50:39.750Z",
        "user": [
            "admin"
        ],
        "content_type": [
            "post",
            "competition"
        ],
        "object_id": "22",
        "object_repr": "This comp",
        "action_flag": 2,
        "change_message": "[{\"changed\": {\"fields\": [\"entry_period_fin\"]}}]"
    }
},
{
    "model": "admin.logentry",
    "pk": 123,
    "fields": {
        "action_time": "2017-09-23T05:54:24.209Z",
        "user": [
            "admin"
        ],
        "content_type": [
            "post",
            "competition"
        ],
        "object_id": "22",
        "object_repr": "This comp",
        "action_flag": 2,
        "change_message": "[{\"changed\": {\"fields\": [\"entry_period_fin\"]}}]"
    }
},
{
    "model": "admin.logentry",
    "pk": 124,
    "fields": {
        "action_time": "2017-09-23T07:56:08.457Z",
        "user": [
            "admin"
        ],
        "content_type": [
            "post",
            "competition"
        ],
        "object_id": "23",
        "object_repr": "\u00e0",
        "action_flag": 1,
        "change_message": "[{\"added\": {}}]"
    }
},
{
    "model": "admin.logentry",
    "pk": 125,
    "fields": {
        "action_time": "2017-09-23T07:58:45.471Z",
        "user": [
            "admin"
        ],
        "content_type": [
            "post",
            "competition"
        ],
        "object_id": "24",
        "object_repr": "aaaaaaa\u00e2",
        "action_flag": 1,
        "change_message": "[{\"added\": {}}]"
    }
},
{
    "model": "admin.logentry",
    "pk": 126,
    "fields": {
        "action_time": "2017-09-23T08:00:48.301Z",
        "user": [
            "admin"
        ],
        "content_type": [
            "post",
            "competition"
        ],
        "object_id": "25",
        "object_repr": "aaa",
        "action_flag": 1,
        "change_message": "[{\"added\": {}}]"
    }
},
{
    "model": "admin.logentry",
    "pk": 127,
    "fields": {
        "action_time": "2017-09-23T09:52:59.874Z",
        "user": [
            "admin"
        ],
        "content_type": [
            "post",
            "competition"
        ],
        "object_id": "26",
        "object_repr": "111",
        "action_flag": 1,
        "change_message": "[{\"added\": {}}]"
    }
},
{
    "model": "admin.logentry",
    "pk": 128,
    "fields": {
        "action_time": "2017-09-23T09:55:57.560Z",
        "user": [
            "admin"
        ],
        "content_type": [
            "post",
            "competition"
        ],
        "object_id": "26",
        "object_repr": "111",
        "action_flag": 2,
        "change_message": "[{\"changed\": {\"fields\": [\"entry_period_fin\", \"vote_period_start\"]}}]"
    }
},
{
    "model": "admin.logentry",
    "pk": 129,
    "fields": {
        "action_time": "2017-09-23T09:57:04.265Z",
        "user": [
            "admin"
        ],
        "content_type": [
            "post",
            "competition"
        ],
        "object_id": "26",
        "object_repr": "111",
        "action_flag": 2,
        "change_message": "[{\"changed\": {\"fields\": [\"entry_period_fin\", \"vote_period_start\"]}}]"
    }
},
{
    "model": "admin.logentry",
    "pk": 130,
    "fields": {
        "action_time": "2017-09-23T09:59:49.874Z",
        "user": [
            "admin"
        ],
        "content_type": [
            "post",
            "competition"
        ],
        "object_id": "26",
        "object_repr": "111",
        "action_flag": 2,
        "change_message": "[{\"changed\": {\"fields\": [\"vote_period_end\"]}}]"
    }
},
{
    "model": "admin.logentry",
    "pk": 131,
    "fields": {
        "action_time": "2017-09-23T10:02:42.820Z",
        "user": [
            "admin"
        ],
        "content_type": [
            "post",
            "competition"
        ],
        "object_id": "26",
        "object_repr": "111",
        "action_flag": 2,
        "change_message": "[{\"changed\": {\"fields\": [\"winner\"]}}]"
    }
},
{
    "model": "admin.logentry",
    "pk": 132,
    "fields": {
        "action_time": "2017-09-23T10:09:14.743Z",
        "user": [
            "admin"
        ],
        "content_type": [
            "post",
            "competition"
        ],
        "object_id": "27",
        "object_repr": "q",
        "action_flag": 1,
        "change_message": "[{\"added\": {}}]"
    }
},
{
    "model": "admin.logentry",
    "pk": 133,
    "fields": {
        "action_time": "2017-09-23T10:10:43.851Z",
        "user": [
            "admin"
        ],
        "content_type": [
            "post",
            "competition"
        ],
        "object_id": "28",
        "object_repr": "q",
        "action_flag": 1,
        "change_message": "[{\"added\": {}}]"
    }
},
{
    "model": "admin.logentry",
    "pk": 134,
    "fields": {
        "action_time": "2017-09-23T10:24:48.469Z",
        "user": [
            "admin"
        ],
        "content_type": [
            "post",
            "competition"
        ],
        "object_id": "29",
        "object_repr": "ty",
        "action_flag": 1,
        "change_message": "[{\"added\": {}}]"
    }
},
{
    "model": "admin.logentry",
    "pk": 135,
    "fields": {
        "action_time": "2017-09-23T10:49:24.769Z",
        "user": [
            "admin"
        ],
        "content_type": [
            "post",
            "competition"
        ],
        "object_id": "30",
        "object_repr": "new competin",
        "action_flag": 1,
        "change_message": "[{\"added\": {}}]"
    }
},
{
    "model": "admin.logentry",
    "pk": 136,
    "fields": {
        "action_time": "2017-09-25T09:59:33.915Z",
        "user": [
            "admin"
        ],
        "content_type": [
            "post",
            "competition"
        ],
        "object_id": "31",
        "object_repr": "right",
        "action_flag": 1,
        "change_message": "[{\"added\": {}}]"
    }
},
{
    "model": "admin.logentry",
    "pk": 137,
    "fields": {
        "action_time": "2017-09-25T10:13:06.043Z",
        "user": [
            "admin"
        ],
        "content_type": [
            "post",
            "competition"
        ],
        "object_id": "31",
        "object_repr": "Lorem ipsum dolor sit amet, consectetur adipisicin",
        "action_flag": 2,
        "change_message": "[{\"changed\": {\"fields\": [\"title\", \"brief\"]}}]"
    }
},
{
    "model": "admin.logentry",
    "pk": 138,
    "fields": {
        "action_time": "2017-09-27T06:17:46.061Z",
        "user": [
            "admin"
        ],
        "content_type": [
            "post",
            "competition"
        ],
        "object_id": "32",
        "object_repr": "brand new",
        "action_flag": 1,
        "change_message": "[{\"added\": {}}]"
    }
},
{
    "model": "admin.logentry",
    "pk": 139,
    "fields": {
        "action_time": "2017-09-27T07:35:17.542Z",
        "user": [
            "admin"
        ],
        "content_type": [
            "post",
            "competition"
        ],
        "object_id": "21",
        "object_repr": "xxx",
        "action_flag": 2,
        "change_message": "[{\"changed\": {\"fields\": [\"prize\"]}}]"
    }
},
{
    "model": "admin.logentry",
    "pk": 140,
    "fields": {
        "action_time": "2017-09-27T07:35:45.822Z",
        "user": [
            "admin"
        ],
        "content_type": [
            "post",
            "competition"
        ],
        "object_id": "29",
        "object_repr": "ty",
        "action_flag": 2,
        "change_message": "[{\"changed\": {\"fields\": [\"prize\"]}}]"
    }
},
{
    "model": "admin.logentry",
    "pk": 141,
    "fields": {
        "action_time": "2017-09-28T05:29:43.264Z",
        "user": [
            "admin"
        ],
        "content_type": [
            "post",
            "competition"
        ],
        "object_id": "33",
        "object_repr": "new test",
        "action_flag": 1,
        "change_message": "[{\"added\": {}}]"
    }
},
{
    "model": "admin.logentry",
    "pk": 142,
    "fields": {
        "action_time": "2017-09-28T05:42:03.708Z",
        "user": [
            "admin"
        ],
        "content_type": [
            "post",
            "competition"
        ],
        "object_id": "34",
        "object_repr": "winner",
        "action_flag": 1,
        "change_message": "[{\"added\": {}}]"
    }
},
{
    "model": "admin.logentry",
    "pk": 143,
    "fields": {
        "action_time": "2017-09-28T07:01:06.903Z",
        "user": [
            "admin"
        ],
        "content_type": [
            "post",
            "competition"
        ],
        "object_id": "35",
        "object_repr": "Poems",
        "action_flag": 1,
        "change_message": "[{\"added\": {}}]"
    }
},
{
    "model": "admin.logentry",
    "pk": 144,
    "fields": {
        "action_time": "2017-09-28T07:04:21.251Z",
        "user": [
            "admin"
        ],
        "content_type": [
            "post",
            "competition"
        ],
        "object_id": "35",
        "object_repr": "Poems",
        "action_flag": 2,
        "change_message": "[{\"changed\": {\"fields\": [\"entry_period_fin\", \"vote_period_start\", \"vote_period_end\"]}}]"
    }
},
{
    "model": "admin.logentry",
    "pk": 145,
    "fields": {
        "action_time": "2017-09-28T07:13:39.149Z",
        "user": [
            "admin"
        ],
        "content_type": [
            "post",
            "competition"
        ],
        "object_id": "36",
        "object_repr": "This comp",
        "action_flag": 1,
        "change_message": "[{\"added\": {}}]"
    }
},
{
    "model": "admin.logentry",
    "pk": 146,
    "fields": {
        "action_time": "2017-09-28T10:07:14.692Z",
        "user": [
            "admin"
        ],
        "content_type": [
            "post",
            "competition"
        ],
        "object_id": "37",
        "object_repr": "theres a new comp",
        "action_flag": 1,
        "change_message": "[{\"added\": {}}]"
    }
},
{
    "model": "admin.logentry",
    "pk": 147,
    "fields": {
        "action_time": "2017-09-28T10:12:41.911Z",
        "user": [
            "admin"
        ],
        "content_type": [
            "post",
            "competition"
        ],
        "object_id": "37",
        "object_repr": "theres a new comp",
        "action_flag": 3,
        "change_message": ""
    }
},
{
    "model": "admin.logentry",
    "pk": 148,
    "fields": {
        "action_time": "2017-09-28T10:13:31.920Z",
        "user": [
            "admin"
        ],
        "content_type": [
            "post",
            "competition"
        ],
        "object_id": "38",
        "object_repr": "Writers",
        "action_flag": 1,
        "change_message": "[{\"added\": {}}]"
    }
},
{
    "model": "admin.logentry",
    "pk": 149,
    "fields": {
        "action_time": "2017-10-01T06:56:47.508Z",
        "user": [
            "admin"
        ],
        "content_type": [
            "post",
            "competition"
        ],
        "object_id": "39",
        "object_repr": "final test",
        "action_flag": 1,
        "change_message": "[{\"added\": {}}]"
    }
},
{
    "model": "admin.logentry",
    "pk": 150,
    "fields": {
        "action_time": "2017-10-01T06:57:10.548Z",
        "user": [
            "admin"
        ],
        "content_type": [
            "post",
            "competition"
        ],
        "object_id": "39",
        "object_repr": "final test",
        "action_flag": 2,
        "change_message": "[{\"changed\": {\"fields\": [\"vote_period_end\"]}}]"
    }
},
{
    "model": "admin.logentry",
    "pk": 151,
    "fields": {
        "action_time": "2017-10-01T07:00:05.723Z",
        "user": [
            "admin"
        ],
        "content_type": [
            "post",
            "competition"
        ],
        "object_id": "40",
        "object_repr": "test",
        "action_flag": 1,
        "change_message": "[{\"added\": {}}]"
    }
},
{
    "model": "admin.logentry",
    "pk": 152,
    "fields": {
        "action_time": "2017-10-01T07:05:21.859Z",
        "user": [
            "admin"
        ],
        "content_type": [
            "post",
            "competition"
        ],
        "object_id": "41",
        "object_repr": "has a winner",
        "action_flag": 1,
        "change_message": "[{\"added\": {}}]"
    }
},
{
    "model": "admin.logentry",
    "pk": 153,
    "fields": {
        "action_time": "2017-10-01T07:14:20.018Z",
        "user": [
            "admin"
        ],
        "content_type": [
            "post",
            "competition"
        ],
        "object_id": "42",
        "object_repr": "g",
        "action_flag": 1,
        "change_message": "[{\"added\": {}}]"
    }
},
{
    "model": "admin.logentry",
    "pk": 154,
    "fields": {
        "action_time": "2017-10-01T07:16:33.281Z",
        "user": [
            "admin"
        ],
        "content_type": [
            "post",
            "competition"
        ],
        "object_id": "42",
        "object_repr": "g",
        "action_flag": 2,
        "change_message": "[{\"changed\": {\"fields\": [\"vote_period_end\"]}}]"
    }
},
{
    "model": "admin.logentry",
    "pk": 155,
    "fields": {
        "action_time": "2017-10-01T07:22:27.366Z",
        "user": [
            "admin"
        ],
        "content_type": [
            "post",
            "competition"
        ],
        "object_id": "42",
        "object_repr": "g",
        "action_flag": 2,
        "change_message": "[{\"changed\": {\"fields\": [\"vote_period_end\"]}}]"
    }
}
]
